campaign,record_count,raw_run_count,successful_raw_run_count,failed_raw_run_count,evaluation_count,formal_main_evaluation_count,diagnostic_evaluation_count,run_spec_count,batch_count,legacy_location_count,flights,domains,first_date,last_date
P4_P5_batch_ascii_20260714,1,0,0,0,0,0,0,0,1,1,,P4_WITH_P5,20260714,20260714
P4_P5_mainline_20260712,33,20,18,0,6,0,6,0,7,0,fly1;fly2;fly3;fly4,P4_RELATED_UNCLASSIFIED;P4_WITH_P5;P5_ONLY_IN_P4_CAMPAIGN,20260712,20260712
P4_P5_redesign_20260713,119,66,47,3,19,0,19,0,34,18,fly1;fly3,P4_RELATED_UNCLASSIFIED;P4_WITH_P5;P5_ONLY_IN_P4_CAMPAIGN,20260713,20260713
P4_P5_redesign_20260714,13,0,0,0,13,0,13,0,0,0,fly1;fly3,P4_RELATED_UNCLASSIFIED,20260714,20260714
P4_P5_window_count_full_20260714_v1,2,2,0,2,0,0,0,0,0,2,fly1;fly3,P4_RELATED_UNCLASSIFIED,20260714,20260714
P4_P5_window_count_full_20260714_v1_eval,2,0,0,0,2,0,2,0,0,2,fly1;fly3,P4_RELATED_UNCLASSIFIED,20260714,20260714
P4_P5_window_count_full_20260714_v2,2,2,0,2,0,0,0,0,0,2,fly1;fly3,P4_RELATED_UNCLASSIFIED,20260714,20260714
P4_P5_window_count_full_20260714_v2_eval,2,0,0,0,2,0,2,0,0,2,fly1;fly3,P4_RELATED_UNCLASSIFIED,20260714,20260714
P4_P5_window_count_short_20260714,2,2,0,0,0,0,0,0,0,2,fly1;fly3,P4_RELATED_UNCLASSIFIED,20260714,20260714
P4_P5_window_count_short_20260714_v2,2,2,0,2,0,0,0,0,0,2,fly1;fly3,P4_RELATED_UNCLASSIFIED,20260714,20260714
P4_P5_window_count_short_20260714_v3,2,2,0,2,0,0,0,0,0,2,fly1;fly3,P4_RELATED_UNCLASSIFIED,20260714,20260714
P4_P5_window_count_short_20260714_v3_eval,2,0,0,0,2,0,2,0,0,2,fly1;fly3,P4_RELATED_UNCLASSIFIED,20260714,20260714
P4_P5_window_count_short_20260714_v4,2,2,0,2,0,0,0,0,0,2,fly1;fly3,P4_RELATED_UNCLASSIFIED,20260714,20260714
P4_P5_window_count_short_20260714_v4_eval,2,0,0,0,2,0,2,0,0,2,fly1;fly3,P4_RELATED_UNCLASSIFIED,20260714,20260714
P4_P5_window_count_short_20260714_v5,2,2,0,2,0,0,0,0,0,2,fly1;fly3,P4_RELATED_UNCLASSIFIED,20260714,20260714
P4_P5_window_count_short_20260714_v6,1,1,0,0,0,0,0,0,0,1,fly1,P4_RELATED_UNCLASSIFIED,20260714,20260714
P4_P5_window_count_short_20260714_v7,1,1,0,0,0,0,0,0,0,1,fly1,P4_RELATED_UNCLASSIFIED,20260714,20260714
P4_arbitrary_start_20260712,13,13,9,4,0,0,0,0,0,0,fly1;fly3,P4,20260712,20260712
P4_attitude_gauge_fix_20260716_ultra,13,3,2,0,10,2,8,0,0,0,fly1;fly3,P4_RELATED_UNCLASSIFIED,20260716,20260716
P4_calibrated_yaw_sigma_fly3_bias_full_20260716_ultra,6,3,3,0,3,0,3,0,0,0,fly3,P4_RELATED_UNCLASSIFIED;P4_WITH_P5,20260716,20260716
P4_calibrated_yaw_sigma_focus_20260716_ultra,8,4,4,0,4,0,4,0,0,0,fly1;fly3,P4_RELATED_UNCLASSIFIED;P4_WITH_P5,20260716,20260716
P4_calibrated_yaw_sigma_production_full_20260716_ultra,5,2,2,0,2,0,2,0,1,0,fly1;fly3,P4_RELATED_UNCLASSIFIED;P4_WITH_P5,20260716,20260716
P4_calibrated_yaw_sigma_qfc_diag_20260716_ultra,4,2,2,0,2,0,2,0,0,0,fly3,P4_RELATED_UNCLASSIFIED;P4_WITH_P5,20260716,20260716
P4_clean_baseline_20260712,49,19,0,0,30,0,30,0,0,0,fly1;fly3,P4_RELATED_UNCLASSIFIED,20260712,20260712
P4_diag_window_count_v8_fly1,1,1,0,0,0,0,0,0,0,1,fly1,P4_RELATED_UNCLASSIFIED,,
P4_diag_window_count_v9_fly1,1,1,0,0,0,0,0,0,0,1,fly1,P4_RELATED_UNCLASSIFIED,,
P4_direct_sliding_state_20260717,139,45,38,7,54,54,0,0,40,104,fly1;fly2;fly3,P4;P4_RELATED_UNCLASSIFIED;P4_WITH_P5,20260717,20260717
P4_final_yaw_only_focus_20260716_autonomous,7,3,0,0,4,0,4,0,0,0,fly1;fly3,P4_RELATED_UNCLASSIFIED,20260716,20260716
P4_final_yaw_only_full_20260716_autonomous,13,2,0,0,11,0,11,0,0,0,fly1;fly3,P4_RELATED_UNCLASSIFIED,20260716,20260716
P4_fly2_direction_validation_20260716_autonomous,44,18,3,0,26,0,26,0,0,0,fly2,P4;P4_RELATED_UNCLASSIFIED;P4_WITH_P5,20260716,20260716
P4_formal_20260715,97,37,37,0,36,0,36,0,24,2,fly1;fly3,P4_RELATED_UNCLASSIFIED;P4_WITH_P5;P5_ONLY_IN_P4_CAMPAIGN,20260715,20260715
P4_low_dynamic_attitude_gauge_focus_20260716_ultra,4,2,2,0,2,0,2,0,0,0,fly1;fly3,P4_RELATED_UNCLASSIFIED;P4_WITH_P5,20260716,20260716
P4_low_dynamic_attitude_gauge_full_20260716_ultra,2,1,1,0,1,0,1,0,0,0,fly3,P4_RELATED_UNCLASSIFIED;P4_WITH_P5,20260716,20260716
P4_online_joint_alignment_20260712,16,16,4,12,0,0,0,0,0,0,fly1;fly3,P4,20260712,20260712
P4_provisional_gauge_refactor_20260717,44,20,20,0,12,12,0,0,12,0,fly1;fly3,P4;P4_RELATED_UNCLASSIFIED;P4_WITH_P5,20260717,20260717
P4_sliding_window_r1_20260714,10,6,5,1,0,0,0,0,4,10,fly1;fly2;fly3,P4;P4_WITH_P5,20260714,20260714
P4_yaw_bias_feedback_ablation_20260716_ultra,20,4,4,0,16,0,16,0,0,0,fly1;fly3,P4_RELATED_UNCLASSIFIED;P4_WITH_P5,20260716,20260716
P4_yaw_calibration_factorial_20260716_ultra,186,48,30,18,138,38,92,0,0,0,fly1;fly3,P4_RELATED_UNCLASSIFIED;P4_WITH_P5,20260716,20260716
P4_yaw_drift_causal_ablation_20260715,373,132,128,4,164,6,158,0,77,0,fly1;fly3,P4_RELATED_UNCLASSIFIED;P4_WITH_P5;P5_ONLY_IN_P4_CAMPAIGN,20260715,20260716
P4_yaw_gauge_full_20260716_ultra,5,2,2,0,2,0,2,0,1,0,fly1;fly3,P4_RELATED_UNCLASSIFIED;P4_WITH_P5,20260716,20260716
P4_yaw_gauge_localjac_20260716_ultra,6,2,0,0,4,2,2,0,0,0,fly1;fly3,P4_RELATED_UNCLASSIFIED,20260716,20260716
P4_yaw_gauge_retain_bias_full_20260716_ultra,4,2,2,0,2,0,2,0,0,0,fly1;fly3,P4_RELATED_UNCLASSIFIED;P4_WITH_P5,20260716,20260716
P4_yaw_q_release_ablation_20260716_ultra,4,2,2,0,2,2,0,0,0,0,fly1;fly3,P4_RELATED_UNCLASSIFIED,20260716,20260716
p4_crossflight_v14_20260717,10,0,0,0,0,0,0,10,0,7,fly1;fly2;fly3,P4,20260717,20260717
p4_direct_sliding_state_20260717,12,0,0,0,0,0,0,12,0,4,fly1;fly2;fly3,P4,20260717,20260717
p4_fair_nasa_focus_20260717,4,0,0,0,0,0,0,4,0,0,fly1;fly3,P4,20260717,20260717
p4_fc_anchor_relative_20260717,2,0,0,0,0,0,0,2,0,1,fly2,P4,20260717,20260717
p4_fc_time_integral_20260717,12,0,0,0,0,0,0,12,0,6,fly2,P4,20260717,20260717
p4_gauge_focus_20260717,8,0,0,0,0,0,0,8,0,0,fly1;fly3,P4,20260717,20260717
p4_window_full_graph_posterior_20260717,3,0,0,0,0,0,0,3,0,3,fly2,P4,20260717,20260717
p4_window_full_posterior_20260717,1,0,0,0,0,0,0,1,0,1,fly2,P4,20260717,20260717
p4_window_history_transfer_20260717,5,0,0,0,0,0,0,5,0,3,fly2,P4,20260717,20260717
