source,run_id,flight_id,stride_input,stride_visual_update,yaw_mode,height_mode,dataset,gps,fc_init,start_time,config,runner,run_dir,has_traj,has_bias,has_diag,has_yaw_diag,has_adaptive_stride,has_analysis_samples,status
baseline_manifest,fly1_stride1_manifest,fly1,1,,baseline,guarded,/mnt/c/Users/baloney/Desktop/20260517_gsmq_d455_fly1/d455_20260517_174810,/mnt/d/vscode_dir/open_vins/config/d455_fly1/fc_gps_cam_time.csv,/mnt/d/vscode_dir/open_vins/config/d455_fly1/fc_init_state_930.csv,930.0,/mnt/d/vscode_dir/open_vins/baseline/latest/config/estimator_config.yaml,/mnt/d/vscode_dir/open_vins/build_ov_msckf/run_serial_msckf_ros_free,,false,false,false,false,false,false,manifest_control
local_result,fly1_stride1_20260707_032813,fly1,1,,baseline,guarded,/mnt/c/Users/baloney/Desktop/20260517_gsmq_d455_fly1/d455_20260517_174810,/mnt/d/vscode_dir/open_vins/config/d455_fly1/fc_gps_cam_time.csv,/mnt/d/vscode_dir/open_vins/config/d455_fly1/fc_init_state_930.csv,930.0,/mnt/d/vscode_dir/open_vins/baseline/latest/config/estimator_config.yaml,/mnt/d/vscode_dir/open_vins/build_ov_msckf/run_serial_msckf_ros_free,result\stride12_robustness_8h\active_adaptive\fly1_stride1_20260707_032813,true,true,true,true,true,true,observed
baseline_manifest,fly1_stride2_manifest,fly1,2,,baseline,guarded,/mnt/c/Users/baloney/Desktop/20260517_gsmq_d455_fly1/d455_20260517_174810,/mnt/d/vscode_dir/open_vins/config/d455_fly1/fc_gps_cam_time.csv,/mnt/d/vscode_dir/open_vins/config/d455_fly1/fc_init_state_930.csv,930.0,/mnt/d/vscode_dir/open_vins/baseline/latest/config/estimator_config.yaml,/mnt/d/vscode_dir/open_vins/build_ov_msckf/run_serial_msckf_ros_free,,false,false,false,false,false,false,manifest_sweep
baseline_manifest,fly1_stride4_manifest,fly1,4,,baseline,guarded,/mnt/c/Users/baloney/Desktop/20260517_gsmq_d455_fly1/d455_20260517_174810,/mnt/d/vscode_dir/open_vins/config/d455_fly1/fc_gps_cam_time.csv,/mnt/d/vscode_dir/open_vins/config/d455_fly1/fc_init_state_930.csv,930.0,/mnt/d/vscode_dir/open_vins/baseline/latest/config/estimator_config.yaml,/mnt/d/vscode_dir/open_vins/build_ov_msckf/run_serial_msckf_ros_free,,false,false,false,false,false,false,manifest_sweep
baseline_manifest,fly1_stride8_manifest,fly1,8,,baseline,guarded,/mnt/c/Users/baloney/Desktop/20260517_gsmq_d455_fly1/d455_20260517_174810,/mnt/d/vscode_dir/open_vins/config/d455_fly1/fc_gps_cam_time.csv,/mnt/d/vscode_dir/open_vins/config/d455_fly1/fc_init_state_930.csv,930.0,/mnt/d/vscode_dir/open_vins/baseline/latest/config/estimator_config.yaml,/mnt/d/vscode_dir/open_vins/build_ov_msckf/run_serial_msckf_ros_free,,false,false,false,false,false,false,manifest_sweep
baseline_manifest,fly1_stride12_manifest,fly1,12,,baseline,guarded,/mnt/c/Users/baloney/Desktop/20260517_gsmq_d455_fly1/d455_20260517_174810,/mnt/d/vscode_dir/open_vins/config/d455_fly1/fc_gps_cam_time.csv,/mnt/d/vscode_dir/open_vins/config/d455_fly1/fc_init_state_930.csv,930.0,/mnt/d/vscode_dir/open_vins/baseline/latest/config/estimator_config.yaml,/mnt/d/vscode_dir/open_vins/build_ov_msckf/run_serial_msckf_ros_free,,false,false,false,false,false,false,manifest_default
local_result,fly1_stride12_20260707_010925,fly1,12,,baseline,guarded,/mnt/c/Users/baloney/Desktop/20260517_gsmq_d455_fly1/d455_20260517_174810,/mnt/d/vscode_dir/open_vins/config/d455_fly1/fc_gps_cam_time.csv,/mnt/d/vscode_dir/open_vins/config/d455_fly1/fc_init_state_930.csv,930.0,/mnt/d/vscode_dir/open_vins/baseline/latest/config/estimator_config.yaml,/mnt/d/vscode_dir/open_vins/build_ov_msckf/run_serial_msckf_ros_free,result\stride12_robustness_8h\current_stride12\fly1_stride12_20260707_010925,true,true,true,true,false,true,observed
local_result,fly1_stride12_20260707_015450,fly1,12,,baseline,guarded,/mnt/c/Users/baloney/Desktop/20260517_gsmq_d455_fly1/d455_20260517_174810,/mnt/d/vscode_dir/open_vins/config/d455_fly1/fc_gps_cam_time.csv,/mnt/d/vscode_dir/open_vins/config/d455_fly1/fc_init_state_930.csv,930.0,/mnt/d/vscode_dir/open_vins/baseline/latest/config/estimator_config.yaml,/mnt/d/vscode_dir/open_vins/build_ov_msckf/run_serial_msckf_ros_free,result\stride12_robustness_8h\stride12_shadow\fly1_stride12_20260707_015450,true,true,true,true,true,true,observed
baseline_manifest,fly1_stride16_manifest,fly1,16,,baseline,guarded,/mnt/c/Users/baloney/Desktop/20260517_gsmq_d455_fly1/d455_20260517_174810,/mnt/d/vscode_dir/open_vins/config/d455_fly1/fc_gps_cam_time.csv,/mnt/d/vscode_dir/open_vins/config/d455_fly1/fc_init_state_930.csv,930.0,/mnt/d/vscode_dir/open_vins/baseline/latest/config/estimator_config.yaml,/mnt/d/vscode_dir/open_vins/build_ov_msckf/run_serial_msckf_ros_free,,false,false,false,false,false,false,manifest_sweep
baseline_manifest,fly1_stride20_manifest,fly1,20,,baseline,guarded,/mnt/c/Users/baloney/Desktop/20260517_gsmq_d455_fly1/d455_20260517_174810,/mnt/d/vscode_dir/open_vins/config/d455_fly1/fc_gps_cam_time.csv,/mnt/d/vscode_dir/open_vins/config/d455_fly1/fc_init_state_930.csv,930.0,/mnt/d/vscode_dir/open_vins/baseline/latest/config/estimator_config.yaml,/mnt/d/vscode_dir/open_vins/build_ov_msckf/run_serial_msckf_ros_free,,false,false,false,false,false,false,manifest_sweep
baseline_manifest,fly1_stride30_manifest,fly1,30,,baseline,guarded,/mnt/c/Users/baloney/Desktop/20260517_gsmq_d455_fly1/d455_20260517_174810,/mnt/d/vscode_dir/open_vins/config/d455_fly1/fc_gps_cam_time.csv,/mnt/d/vscode_dir/open_vins/config/d455_fly1/fc_init_state_930.csv,930.0,/mnt/d/vscode_dir/open_vins/baseline/latest/config/estimator_config.yaml,/mnt/d/vscode_dir/open_vins/build_ov_msckf/run_serial_msckf_ros_free,,false,false,false,false,false,false,manifest_sweep
baseline_manifest,fly2_stride1_manifest,fly2,1,,baseline,guarded,/mnt/c/Users/baloney/Desktop/20260518_gsmq_d455_fly2/d455_20260517_184722,/mnt/c/Users/baloney/Desktop/20260518_gsmq_d455_fly2/result/fc_rebuild_20260525/gps_from_mems_offset447p5_cam_time.csv,/mnt/c/Users/baloney/Desktop/20260518_gsmq_d455_fly2/result/fc_rebuild_20260525/canonical_offset447p5_start700/fc_init_state_700_offset447p5.csv,700.0,/mnt/d/vscode_dir/open_vins/baseline/latest/config/estimator_config.yaml,/mnt/d/vscode_dir/open_vins/build_ov_msckf/run_serial_msckf_ros_free,,false,false,false,false,false,false,manifest_control
local_result,fly2_stride1_20260707_024404,fly2,1,,baseline,guarded,/mnt/c/Users/baloney/Desktop/20260518_gsmq_d455_fly2/d455_20260517_184722,/mnt/c/Users/baloney/Desktop/20260518_gsmq_d455_fly2/result/fc_rebuild_20260525/gps_from_mems_offset447p5_cam_time.csv,/mnt/c/Users/baloney/Desktop/20260518_gsmq_d455_fly2/result/fc_rebuild_20260525/canonical_offset447p5_start700/fc_init_state_700_offset447p5.csv,700.0,/mnt/d/vscode_dir/open_vins/baseline/latest/config/estimator_config.yaml,/mnt/d/vscode_dir/open_vins/build_ov_msckf/run_serial_msckf_ros_free,result\stride12_robustness_8h\active_adaptive\fly2_stride1_20260707_024404,true,true,true,true,true,true,observed
baseline_manifest,fly2_stride2_manifest,fly2,2,,baseline,guarded,/mnt/c/Users/baloney/Desktop/20260518_gsmq_d455_fly2/d455_20260517_184722,/mnt/c/Users/baloney/Desktop/20260518_gsmq_d455_fly2/result/fc_rebuild_20260525/gps_from_mems_offset447p5_cam_time.csv,/mnt/c/Users/baloney/Desktop/20260518_gsmq_d455_fly2/result/fc_rebuild_20260525/canonical_offset447p5_start700/fc_init_state_700_offset447p5.csv,700.0,/mnt/d/vscode_dir/open_vins/baseline/latest/config/estimator_config.yaml,/mnt/d/vscode_dir/open_vins/build_ov_msckf/run_serial_msckf_ros_free,,false,false,false,false,false,false,manifest_sweep
baseline_manifest,fly2_stride4_manifest,fly2,4,,baseline,guarded,/mnt/c/Users/baloney/Desktop/20260518_gsmq_d455_fly2/d455_20260517_184722,/mnt/c/Users/baloney/Desktop/20260518_gsmq_d455_fly2/result/fc_rebuild_20260525/gps_from_mems_offset447p5_cam_time.csv,/mnt/c/Users/baloney/Desktop/20260518_gsmq_d455_fly2/result/fc_rebuild_20260525/canonical_offset447p5_start700/fc_init_state_700_offset447p5.csv,700.0,/mnt/d/vscode_dir/open_vins/baseline/latest/config/estimator_config.yaml,/mnt/d/vscode_dir/open_vins/build_ov_msckf/run_serial_msckf_ros_free,,false,false,false,false,false,false,manifest_sweep
baseline_manifest,fly2_stride8_manifest,fly2,8,,baseline,guarded,/mnt/c/Users/baloney/Desktop/20260518_gsmq_d455_fly2/d455_20260517_184722,/mnt/c/Users/baloney/Desktop/20260518_gsmq_d455_fly2/result/fc_rebuild_20260525/gps_from_mems_offset447p5_cam_time.csv,/mnt/c/Users/baloney/Desktop/20260518_gsmq_d455_fly2/result/fc_rebuild_20260525/canonical_offset447p5_start700/fc_init_state_700_offset447p5.csv,700.0,/mnt/d/vscode_dir/open_vins/baseline/latest/config/estimator_config.yaml,/mnt/d/vscode_dir/open_vins/build_ov_msckf/run_serial_msckf_ros_free,,false,false,false,false,false,false,manifest_sweep
baseline_manifest,fly2_stride12_manifest,fly2,12,,baseline,guarded,/mnt/c/Users/baloney/Desktop/20260518_gsmq_d455_fly2/d455_20260517_184722,/mnt/c/Users/baloney/Desktop/20260518_gsmq_d455_fly2/result/fc_rebuild_20260525/gps_from_mems_offset447p5_cam_time.csv,/mnt/c/Users/baloney/Desktop/20260518_gsmq_d455_fly2/result/fc_rebuild_20260525/canonical_offset447p5_start700/fc_init_state_700_offset447p5.csv,700.0,/mnt/d/vscode_dir/open_vins/baseline/latest/config/estimator_config.yaml,/mnt/d/vscode_dir/open_vins/build_ov_msckf/run_serial_msckf_ros_free,,false,false,false,false,false,false,manifest_default
local_result,fly2_stride12_20260707_010925,fly2,12,,baseline,guarded,/mnt/c/Users/baloney/Desktop/20260518_gsmq_d455_fly2/d455_20260517_184722,/mnt/c/Users/baloney/Desktop/20260518_gsmq_d455_fly2/result/fc_rebuild_20260525/gps_from_mems_offset447p5_cam_time.csv,/mnt/c/Users/baloney/Desktop/20260518_gsmq_d455_fly2/result/fc_rebuild_20260525/canonical_offset447p5_start700/fc_init_state_700_offset447p5.csv,700.0,/mnt/d/vscode_dir/open_vins/baseline/latest/config/estimator_config.yaml,/mnt/d/vscode_dir/open_vins/build_ov_msckf/run_serial_msckf_ros_free,result\stride12_robustness_8h\current_stride12\fly2_stride12_20260707_010925,true,true,true,true,false,true,observed
local_result,fly2_stride12_20260707_015450,fly2,12,,baseline,guarded,/mnt/c/Users/baloney/Desktop/20260518_gsmq_d455_fly2/d455_20260517_184722,/mnt/c/Users/baloney/Desktop/20260518_gsmq_d455_fly2/result/fc_rebuild_20260525/gps_from_mems_offset447p5_cam_time.csv,/mnt/c/Users/baloney/Desktop/20260518_gsmq_d455_fly2/result/fc_rebuild_20260525/canonical_offset447p5_start700/fc_init_state_700_offset447p5.csv,700.0,/mnt/d/vscode_dir/open_vins/baseline/latest/config/estimator_config.yaml,/mnt/d/vscode_dir/open_vins/build_ov_msckf/run_serial_msckf_ros_free,result\stride12_robustness_8h\stride12_shadow\fly2_stride12_20260707_015450,true,true,true,true,true,true,observed
baseline_manifest,fly2_stride16_manifest,fly2,16,,baseline,guarded,/mnt/c/Users/baloney/Desktop/20260518_gsmq_d455_fly2/d455_20260517_184722,/mnt/c/Users/baloney/Desktop/20260518_gsmq_d455_fly2/result/fc_rebuild_20260525/gps_from_mems_offset447p5_cam_time.csv,/mnt/c/Users/baloney/Desktop/20260518_gsmq_d455_fly2/result/fc_rebuild_20260525/canonical_offset447p5_start700/fc_init_state_700_offset447p5.csv,700.0,/mnt/d/vscode_dir/open_vins/baseline/latest/config/estimator_config.yaml,/mnt/d/vscode_dir/open_vins/build_ov_msckf/run_serial_msckf_ros_free,,false,false,false,false,false,false,manifest_sweep
baseline_manifest,fly2_stride20_manifest,fly2,20,,baseline,guarded,/mnt/c/Users/baloney/Desktop/20260518_gsmq_d455_fly2/d455_20260517_184722,/mnt/c/Users/baloney/Desktop/20260518_gsmq_d455_fly2/result/fc_rebuild_20260525/gps_from_mems_offset447p5_cam_time.csv,/mnt/c/Users/baloney/Desktop/20260518_gsmq_d455_fly2/result/fc_rebuild_20260525/canonical_offset447p5_start700/fc_init_state_700_offset447p5.csv,700.0,/mnt/d/vscode_dir/open_vins/baseline/latest/config/estimator_config.yaml,/mnt/d/vscode_dir/open_vins/build_ov_msckf/run_serial_msckf_ros_free,,false,false,false,false,false,false,manifest_sweep
baseline_manifest,fly2_stride30_manifest,fly2,30,,baseline,guarded,/mnt/c/Users/baloney/Desktop/20260518_gsmq_d455_fly2/d455_20260517_184722,/mnt/c/Users/baloney/Desktop/20260518_gsmq_d455_fly2/result/fc_rebuild_20260525/gps_from_mems_offset447p5_cam_time.csv,/mnt/c/Users/baloney/Desktop/20260518_gsmq_d455_fly2/result/fc_rebuild_20260525/canonical_offset447p5_start700/fc_init_state_700_offset447p5.csv,700.0,/mnt/d/vscode_dir/open_vins/baseline/latest/config/estimator_config.yaml,/mnt/d/vscode_dir/open_vins/build_ov_msckf/run_serial_msckf_ros_free,,false,false,false,false,false,false,manifest_sweep
baseline_manifest,fly3_stride1_manifest,fly3,1,,baseline,guarded,/mnt/c/Users/baloney/Desktop/20260527_gsmq_d455_fly3/d455_20260526_174946,/mnt/c/Users/baloney/Desktop/20260527_gsmq_d455_fly3/result/fc_rebuild_20260527/gps_from_mems_offset438p0_cam_time.csv,/mnt/c/Users/baloney/Desktop/20260527_gsmq_d455_fly3/result/fc_rebuild_20260527/canonical_offset438p0_start618/fc_init_state_618_offset438p0.csv,618.0,/mnt/d/vscode_dir/open_vins/baseline/latest/config/estimator_config.yaml,/mnt/d/vscode_dir/open_vins/build_ov_msckf/run_serial_msckf_ros_free,,false,false,false,false,false,false,manifest_control
local_result,fly3_stride1_20260706_201635,fly3,1,,baseline,guarded,/mnt/c/Users/baloney/Desktop/20260527_gsmq_d455_fly3/d455_20260526_174946,/mnt/c/Users/baloney/Desktop/20260527_gsmq_d455_fly3/result/fc_rebuild_20260527/gps_from_mems_offset438p0_cam_time.csv,/mnt/c/Users/baloney/Desktop/20260527_gsmq_d455_fly3/result/fc_rebuild_20260527/canonical_offset438p0_start618/fc_init_state_618_offset438p0.csv,618.0,/mnt/d/vscode_dir/open_vins/baseline/latest/config/estimator_config.yaml,/mnt/d/vscode_dir/open_vins/build_ov_msckf/run_serial_msckf_ros_free,result\effect_check_20260706\fly3_stride1_20260706_201635,true,true,true,true,true,true,observed
local_result,fly3_stride1_20260706_205231,fly3,1,,baseline,guarded,/mnt/c/Users/baloney/Desktop/20260527_gsmq_d455_fly3/d455_20260526_174946,/mnt/c/Users/baloney/Desktop/20260527_gsmq_d455_fly3/result/fc_rebuild_20260527/gps_from_mems_offset438p0_cam_time.csv,/mnt/c/Users/baloney/Desktop/20260527_gsmq_d455_fly3/result/fc_rebuild_20260527/canonical_offset438p0_start618/fc_init_state_618_offset438p0.csv,618.0,/mnt/d/vscode_dir/open_vins/baseline/latest/config/estimator_config.yaml,/mnt/d/vscode_dir/open_vins/build_ov_msckf/run_serial_msckf_ros_free,result\effect_check_20260706\fly3_stride1_20260706_205231,true,true,true,true,true,true,observed
local_result,fly3_stride1_20260707_024404,fly3,1,,baseline,guarded,/mnt/c/Users/baloney/Desktop/20260527_gsmq_d455_fly3/d455_20260526_174946,/mnt/c/Users/baloney/Desktop/20260527_gsmq_d455_fly3/result/fc_rebuild_20260527/gps_from_mems_offset438p0_cam_time.csv,/mnt/c/Users/baloney/Desktop/20260527_gsmq_d455_fly3/result/fc_rebuild_20260527/canonical_offset438p0_start618/fc_init_state_618_offset438p0.csv,618.0,/mnt/d/vscode_dir/open_vins/baseline/latest/config/estimator_config.yaml,/mnt/d/vscode_dir/open_vins/build_ov_msckf/run_serial_msckf_ros_free,result\stride12_robustness_8h\active_adaptive\fly3_stride1_20260707_024404,true,true,true,true,true,true,observed
baseline_manifest,fly3_stride2_manifest,fly3,2,,baseline,guarded,/mnt/c/Users/baloney/Desktop/20260527_gsmq_d455_fly3/d455_20260526_174946,/mnt/c/Users/baloney/Desktop/20260527_gsmq_d455_fly3/result/fc_rebuild_20260527/gps_from_mems_offset438p0_cam_time.csv,/mnt/c/Users/baloney/Desktop/20260527_gsmq_d455_fly3/result/fc_rebuild_20260527/canonical_offset438p0_start618/fc_init_state_618_offset438p0.csv,618.0,/mnt/d/vscode_dir/open_vins/baseline/latest/config/estimator_config.yaml,/mnt/d/vscode_dir/open_vins/build_ov_msckf/run_serial_msckf_ros_free,,false,false,false,false,false,false,manifest_sweep
baseline_manifest,fly3_stride4_manifest,fly3,4,,baseline,guarded,/mnt/c/Users/baloney/Desktop/20260527_gsmq_d455_fly3/d455_20260526_174946,/mnt/c/Users/baloney/Desktop/20260527_gsmq_d455_fly3/result/fc_rebuild_20260527/gps_from_mems_offset438p0_cam_time.csv,/mnt/c/Users/baloney/Desktop/20260527_gsmq_d455_fly3/result/fc_rebuild_20260527/canonical_offset438p0_start618/fc_init_state_618_offset438p0.csv,618.0,/mnt/d/vscode_dir/open_vins/baseline/latest/config/estimator_config.yaml,/mnt/d/vscode_dir/open_vins/build_ov_msckf/run_serial_msckf_ros_free,,false,false,false,false,false,false,manifest_sweep
baseline_manifest,fly3_stride8_manifest,fly3,8,,baseline,guarded,/mnt/c/Users/baloney/Desktop/20260527_gsmq_d455_fly3/d455_20260526_174946,/mnt/c/Users/baloney/Desktop/20260527_gsmq_d455_fly3/result/fc_rebuild_20260527/gps_from_mems_offset438p0_cam_time.csv,/mnt/c/Users/baloney/Desktop/20260527_gsmq_d455_fly3/result/fc_rebuild_20260527/canonical_offset438p0_start618/fc_init_state_618_offset438p0.csv,618.0,/mnt/d/vscode_dir/open_vins/baseline/latest/config/estimator_config.yaml,/mnt/d/vscode_dir/open_vins/build_ov_msckf/run_serial_msckf_ros_free,,false,false,false,false,false,false,manifest_sweep
baseline_manifest,fly3_stride12_manifest,fly3,12,,baseline,guarded,/mnt/c/Users/baloney/Desktop/20260527_gsmq_d455_fly3/d455_20260526_174946,/mnt/c/Users/baloney/Desktop/20260527_gsmq_d455_fly3/result/fc_rebuild_20260527/gps_from_mems_offset438p0_cam_time.csv,/mnt/c/Users/baloney/Desktop/20260527_gsmq_d455_fly3/result/fc_rebuild_20260527/canonical_offset438p0_start618/fc_init_state_618_offset438p0.csv,618.0,/mnt/d/vscode_dir/open_vins/baseline/latest/config/estimator_config.yaml,/mnt/d/vscode_dir/open_vins/build_ov_msckf/run_serial_msckf_ros_free,,false,false,false,false,false,false,manifest_default
local_result,fly3_stride12_20260707_010925,fly3,12,,baseline,guarded,/mnt/c/Users/baloney/Desktop/20260527_gsmq_d455_fly3/d455_20260526_174946,/mnt/c/Users/baloney/Desktop/20260527_gsmq_d455_fly3/result/fc_rebuild_20260527/gps_from_mems_offset438p0_cam_time.csv,/mnt/c/Users/baloney/Desktop/20260527_gsmq_d455_fly3/result/fc_rebuild_20260527/canonical_offset438p0_start618/fc_init_state_618_offset438p0.csv,618.0,/mnt/d/vscode_dir/open_vins/baseline/latest/config/estimator_config.yaml,/mnt/d/vscode_dir/open_vins/build_ov_msckf/run_serial_msckf_ros_free,result\stride12_robustness_8h\current_stride12\fly3_stride12_20260707_010925,true,true,true,true,false,true,observed
local_result,fly3_stride12_20260707_015450,fly3,12,,baseline,guarded,/mnt/c/Users/baloney/Desktop/20260527_gsmq_d455_fly3/d455_20260526_174946,/mnt/c/Users/baloney/Desktop/20260527_gsmq_d455_fly3/result/fc_rebuild_20260527/gps_from_mems_offset438p0_cam_time.csv,/mnt/c/Users/baloney/Desktop/20260527_gsmq_d455_fly3/result/fc_rebuild_20260527/canonical_offset438p0_start618/fc_init_state_618_offset438p0.csv,618.0,/mnt/d/vscode_dir/open_vins/baseline/latest/config/estimator_config.yaml,/mnt/d/vscode_dir/open_vins/build_ov_msckf/run_serial_msckf_ros_free,result\stride12_robustness_8h\stride12_shadow\fly3_stride12_20260707_015450,true,true,true,true,true,true,observed
baseline_manifest,fly3_stride16_manifest,fly3,16,,baseline,guarded,/mnt/c/Users/baloney/Desktop/20260527_gsmq_d455_fly3/d455_20260526_174946,/mnt/c/Users/baloney/Desktop/20260527_gsmq_d455_fly3/result/fc_rebuild_20260527/gps_from_mems_offset438p0_cam_time.csv,/mnt/c/Users/baloney/Desktop/20260527_gsmq_d455_fly3/result/fc_rebuild_20260527/canonical_offset438p0_start618/fc_init_state_618_offset438p0.csv,618.0,/mnt/d/vscode_dir/open_vins/baseline/latest/config/estimator_config.yaml,/mnt/d/vscode_dir/open_vins/build_ov_msckf/run_serial_msckf_ros_free,,false,false,false,false,false,false,manifest_sweep
baseline_manifest,fly3_stride20_manifest,fly3,20,,baseline,guarded,/mnt/c/Users/baloney/Desktop/20260527_gsmq_d455_fly3/d455_20260526_174946,/mnt/c/Users/baloney/Desktop/20260527_gsmq_d455_fly3/result/fc_rebuild_20260527/gps_from_mems_offset438p0_cam_time.csv,/mnt/c/Users/baloney/Desktop/20260527_gsmq_d455_fly3/result/fc_rebuild_20260527/canonical_offset438p0_start618/fc_init_state_618_offset438p0.csv,618.0,/mnt/d/vscode_dir/open_vins/baseline/latest/config/estimator_config.yaml,/mnt/d/vscode_dir/open_vins/build_ov_msckf/run_serial_msckf_ros_free,,false,false,false,false,false,false,manifest_sweep
baseline_manifest,fly3_stride30_manifest,fly3,30,,baseline,guarded,/mnt/c/Users/baloney/Desktop/20260527_gsmq_d455_fly3/d455_20260526_174946,/mnt/c/Users/baloney/Desktop/20260527_gsmq_d455_fly3/result/fc_rebuild_20260527/gps_from_mems_offset438p0_cam_time.csv,/mnt/c/Users/baloney/Desktop/20260527_gsmq_d455_fly3/result/fc_rebuild_20260527/canonical_offset438p0_start618/fc_init_state_618_offset438p0.csv,618.0,/mnt/d/vscode_dir/open_vins/baseline/latest/config/estimator_config.yaml,/mnt/d/vscode_dir/open_vins/build_ov_msckf/run_serial_msckf_ros_free,,false,false,false,false,false,false,manifest_sweep
baseline_manifest,fly4_stride1_manifest,fly4,1,,baseline,guarded,/mnt/c/Users/baloney/Desktop/20260528_gsmq_d455_fly4/d455_20260527_090549,/mnt/c/Users/baloney/Desktop/20260528_gsmq_d455_fly4/result/fc_rebuild_20260528/gps_from_mems_offsetm202p2_cam_time.csv,/mnt/c/Users/baloney/Desktop/20260528_gsmq_d455_fly4/result/fc_rebuild_20260528/canonical_offsetm202p2_start904p4/fc_init_state_904p4_offsetm202p2.csv,924.4,/mnt/d/vscode_dir/open_vins/baseline/latest/config/estimator_config.yaml,/mnt/d/vscode_dir/open_vins/build_ov_msckf/run_serial_msckf_ros_free,,false,false,false,false,false,false,manifest_control
local_result,fly4_stride1_20260707_032813,fly4,1,,baseline,guarded,/mnt/c/Users/baloney/Desktop/20260528_gsmq_d455_fly4/d455_20260527_090549,/mnt/c/Users/baloney/Desktop/20260528_gsmq_d455_fly4/result/fc_rebuild_20260528/gps_from_mems_offsetm202p2_cam_time.csv,/mnt/c/Users/baloney/Desktop/20260528_gsmq_d455_fly4/result/fc_rebuild_20260528/canonical_offsetm202p2_start904p4/fc_init_state_904p4_offsetm202p2.csv,924.4,/mnt/d/vscode_dir/open_vins/baseline/latest/config/estimator_config.yaml,/mnt/d/vscode_dir/open_vins/build_ov_msckf/run_serial_msckf_ros_free,result\stride12_robustness_8h\active_adaptive\fly4_stride1_20260707_032813,true,true,true,true,true,true,observed
baseline_manifest,fly4_stride2_manifest,fly4,2,,baseline,guarded,/mnt/c/Users/baloney/Desktop/20260528_gsmq_d455_fly4/d455_20260527_090549,/mnt/c/Users/baloney/Desktop/20260528_gsmq_d455_fly4/result/fc_rebuild_20260528/gps_from_mems_offsetm202p2_cam_time.csv,/mnt/c/Users/baloney/Desktop/20260528_gsmq_d455_fly4/result/fc_rebuild_20260528/canonical_offsetm202p2_start904p4/fc_init_state_904p4_offsetm202p2.csv,924.4,/mnt/d/vscode_dir/open_vins/baseline/latest/config/estimator_config.yaml,/mnt/d/vscode_dir/open_vins/build_ov_msckf/run_serial_msckf_ros_free,,false,false,false,false,false,false,manifest_sweep
baseline_manifest,fly4_stride4_manifest,fly4,4,,baseline,guarded,/mnt/c/Users/baloney/Desktop/20260528_gsmq_d455_fly4/d455_20260527_090549,/mnt/c/Users/baloney/Desktop/20260528_gsmq_d455_fly4/result/fc_rebuild_20260528/gps_from_mems_offsetm202p2_cam_time.csv,/mnt/c/Users/baloney/Desktop/20260528_gsmq_d455_fly4/result/fc_rebuild_20260528/canonical_offsetm202p2_start904p4/fc_init_state_904p4_offsetm202p2.csv,924.4,/mnt/d/vscode_dir/open_vins/baseline/latest/config/estimator_config.yaml,/mnt/d/vscode_dir/open_vins/build_ov_msckf/run_serial_msckf_ros_free,,false,false,false,false,false,false,manifest_sweep
baseline_manifest,fly4_stride8_manifest,fly4,8,,baseline,guarded,/mnt/c/Users/baloney/Desktop/20260528_gsmq_d455_fly4/d455_20260527_090549,/mnt/c/Users/baloney/Desktop/20260528_gsmq_d455_fly4/result/fc_rebuild_20260528/gps_from_mems_offsetm202p2_cam_time.csv,/mnt/c/Users/baloney/Desktop/20260528_gsmq_d455_fly4/result/fc_rebuild_20260528/canonical_offsetm202p2_start904p4/fc_init_state_904p4_offsetm202p2.csv,924.4,/mnt/d/vscode_dir/open_vins/baseline/latest/config/estimator_config.yaml,/mnt/d/vscode_dir/open_vins/build_ov_msckf/run_serial_msckf_ros_free,,false,false,false,false,false,false,manifest_sweep
baseline_manifest,fly4_stride12_manifest,fly4,12,,baseline,guarded,/mnt/c/Users/baloney/Desktop/20260528_gsmq_d455_fly4/d455_20260527_090549,/mnt/c/Users/baloney/Desktop/20260528_gsmq_d455_fly4/result/fc_rebuild_20260528/gps_from_mems_offsetm202p2_cam_time.csv,/mnt/c/Users/baloney/Desktop/20260528_gsmq_d455_fly4/result/fc_rebuild_20260528/canonical_offsetm202p2_start904p4/fc_init_state_904p4_offsetm202p2.csv,924.4,/mnt/d/vscode_dir/open_vins/baseline/latest/config/estimator_config.yaml,/mnt/d/vscode_dir/open_vins/build_ov_msckf/run_serial_msckf_ros_free,,false,false,false,false,false,false,manifest_default
local_result,fly4_stride12_20260707_010925,fly4,12,,baseline,guarded,/mnt/c/Users/baloney/Desktop/20260528_gsmq_d455_fly4/d455_20260527_090549,/mnt/c/Users/baloney/Desktop/20260528_gsmq_d455_fly4/result/fc_rebuild_20260528/gps_from_mems_offsetm202p2_cam_time.csv,/mnt/c/Users/baloney/Desktop/20260528_gsmq_d455_fly4/result/fc_rebuild_20260528/canonical_offsetm202p2_start904p4/fc_init_state_904p4_offsetm202p2.csv,924.4,/mnt/d/vscode_dir/open_vins/baseline/latest/config/estimator_config.yaml,/mnt/d/vscode_dir/open_vins/build_ov_msckf/run_serial_msckf_ros_free,result\stride12_robustness_8h\current_stride12\fly4_stride12_20260707_010925,true,true,true,true,false,true,observed
local_result,fly4_stride12_20260707_015450,fly4,12,,baseline,guarded,/mnt/c/Users/baloney/Desktop/20260528_gsmq_d455_fly4/d455_20260527_090549,/mnt/c/Users/baloney/Desktop/20260528_gsmq_d455_fly4/result/fc_rebuild_20260528/gps_from_mems_offsetm202p2_cam_time.csv,/mnt/c/Users/baloney/Desktop/20260528_gsmq_d455_fly4/result/fc_rebuild_20260528/canonical_offsetm202p2_start904p4/fc_init_state_904p4_offsetm202p2.csv,924.4,/mnt/d/vscode_dir/open_vins/baseline/latest/config/estimator_config.yaml,/mnt/d/vscode_dir/open_vins/build_ov_msckf/run_serial_msckf_ros_free,result\stride12_robustness_8h\stride12_shadow\fly4_stride12_20260707_015450,true,true,true,true,true,true,observed
baseline_manifest,fly4_stride16_manifest,fly4,16,,baseline,guarded,/mnt/c/Users/baloney/Desktop/20260528_gsmq_d455_fly4/d455_20260527_090549,/mnt/c/Users/baloney/Desktop/20260528_gsmq_d455_fly4/result/fc_rebuild_20260528/gps_from_mems_offsetm202p2_cam_time.csv,/mnt/c/Users/baloney/Desktop/20260528_gsmq_d455_fly4/result/fc_rebuild_20260528/canonical_offsetm202p2_start904p4/fc_init_state_904p4_offsetm202p2.csv,924.4,/mnt/d/vscode_dir/open_vins/baseline/latest/config/estimator_config.yaml,/mnt/d/vscode_dir/open_vins/build_ov_msckf/run_serial_msckf_ros_free,,false,false,false,false,false,false,manifest_sweep
baseline_manifest,fly4_stride20_manifest,fly4,20,,baseline,guarded,/mnt/c/Users/baloney/Desktop/20260528_gsmq_d455_fly4/d455_20260527_090549,/mnt/c/Users/baloney/Desktop/20260528_gsmq_d455_fly4/result/fc_rebuild_20260528/gps_from_mems_offsetm202p2_cam_time.csv,/mnt/c/Users/baloney/Desktop/20260528_gsmq_d455_fly4/result/fc_rebuild_20260528/canonical_offsetm202p2_start904p4/fc_init_state_904p4_offsetm202p2.csv,924.4,/mnt/d/vscode_dir/open_vins/baseline/latest/config/estimator_config.yaml,/mnt/d/vscode_dir/open_vins/build_ov_msckf/run_serial_msckf_ros_free,,false,false,false,false,false,false,manifest_sweep
baseline_manifest,fly4_stride30_manifest,fly4,30,,baseline,guarded,/mnt/c/Users/baloney/Desktop/20260528_gsmq_d455_fly4/d455_20260527_090549,/mnt/c/Users/baloney/Desktop/20260528_gsmq_d455_fly4/result/fc_rebuild_20260528/gps_from_mems_offsetm202p2_cam_time.csv,/mnt/c/Users/baloney/Desktop/20260528_gsmq_d455_fly4/result/fc_rebuild_20260528/canonical_offsetm202p2_start904p4/fc_init_state_904p4_offsetm202p2.csv,924.4,/mnt/d/vscode_dir/open_vins/baseline/latest/config/estimator_config.yaml,/mnt/d/vscode_dir/open_vins/build_ov_msckf/run_serial_msckf_ros_free,,false,false,false,false,false,false,manifest_sweep
